<?xml version="1.0" encoding="utf-8"?>
<ConstraintsData xmlns:xsd="http://www.w3.org/2001/XMLSchema" xmlns:xsi="http://www.w3.org/2001/XMLSchema-instance">
  <FlattenedNetName2ConstraintNetId>
    <FlattenedNetName2ConstraintNetIdEntry FlattenedNetName="NetC6_1" ConstraintNetId="ad1a5563-3677-48d4-9fe5-ed137c57197b" />
    <FlattenedNetName2ConstraintNetIdEntry FlattenedNetName="NetC6_2" ConstraintNetId="97bb76b9-784d-4bb3-9a40-bc2af2f5f257" />
    <FlattenedNetName2ConstraintNetIdEntry FlattenedNetName="NetC7_1" ConstraintNetId="49aa2d05-252d-4232-9711-06e70890ac8c" />
    <FlattenedNetName2ConstraintNetIdEntry FlattenedNetName="NetC7_2" ConstraintNetId="e76a0933-a2c6-41d9-9038-5d96179b6dbb" />
  </FlattenedNetName2ConstraintNetId>
  <CNets>
    <CNet Id="ad1a5563-3677-48d4-9fe5-ed137c57197b">
      <Constraints />
      <ConstraintSets />
      <ConstraintNodes />
    </CNet>
    <CNet Id="97bb76b9-784d-4bb3-9a40-bc2af2f5f257">
      <Constraints />
      <ConstraintSets />
      <ConstraintNodes />
    </CNet>
    <CNet Id="49aa2d05-252d-4232-9711-06e70890ac8c">
      <Constraints />
      <ConstraintSets />
      <ConstraintNodes />
    </CNet>
    <CNet Id="e76a0933-a2c6-41d9-9038-5d96179b6dbb">
      <Constraints />
      <ConstraintSets />
      <ConstraintNodes />
    </CNet>
  </CNets>
  <CNetClasses>
    <CNetClass Id="21aab089-7ceb-4462-ab5b-53fc9e8decaa" Name="RF" IsPredefined="false" Domain="0">
      <Constraints />
      <ConstraintSets />
      <CNets>
        <CNet Id="ad1a5563-3677-48d4-9fe5-ed137c57197b" />
        <CNet Id="97bb76b9-784d-4bb3-9a40-bc2af2f5f257" />
        <CNet Id="49aa2d05-252d-4232-9711-06e70890ac8c" />
        <CNet Id="e76a0933-a2c6-41d9-9038-5d96179b6dbb" />
      </CNets>
    </CNetClass>
  </CNetClasses>
  <CDifferentialPairs />
  <CDifferentialPairClasses />
  <CPinPairs />
  <CxSigClasses />
  <CxNets />
  <CXNetClasses />
  <ConstraintClearancesMatrix>
    <CCMFromScopes>
      <CCMFromScope Id="e1ca4167-9dd0-4272-bb2a-716228c40bd6">
        <ConstraintObject Id="00000000-0000-0000-0000-000000000000" />
        <CCMToScopes>
          <CCMToScope Id="a6ceca30-bf1e-4eb8-8919-9d775406f43b" SetId="00000000-0000-0000-0000-000000000000">
            <ConstraintObject Id="00000000-0000-0000-0000-000000000000" />
            <DefaultConstraintClearancesMatrixConstraint Id="00000000-0000-0000-0000-000000000000" Kind="0" Name="" Description="" Scope1="" Scope2="" Attributes="" LayerType="0" LayerId="0" />
            <CCMConstraints />
          </CCMToScope>
        </CCMToScopes>
      </CCMFromScope>
    </CCMFromScopes>
  </ConstraintClearancesMatrix>
  <ConstraintSameNetClearancesMatrix>
    <CCMFromScopes />
  </ConstraintSameNetClearancesMatrix>
  <CSets />
  <CClearancesMatrixSets />
</ConstraintsData>